"U2.2502.1","U2.2502.2","U2.2502.3","U2.2502.4","U6.2502.1","U6.2502.2","U6.2502.3","U6.2502.4","U2.0302.1","U2.0302.2","U2.0302.3","U6.0302.1","U6.0302.2","U6.0302.3","gene","U600","U200","LogFC","p.value","adjp","AvgExpr"
156,176,201,203,194,208,215,217,246,266,261,249,240,265,"YJR104C",226.9,215.6,0.02691,0.6746,0.8445,184
183,205,202,171,171,171,149,144,247,249,236,278,252,247,"YKL060C",201.7,213.3,-0.1265,0.1024,0.3634,190.25
180,184,198,185,161,160,166,168,193,175,155,179,165,154,"YDR155C",164.7,181.4,-0.1879,0.005241,0.05527,186.75
176,172,174,170,170,171,162,167,243,310,270,270,275,259,"YGR192C",210.6,216.4,-0.08501,0.0751,0.3027,173
171,182,137,103,159,164,116,113,409,384,364,395,358,355,"YOL086C",237.1,250,-0.1186,0.2509,0.5632,148.25
97,111,104,100,99,103,98,103,73,90,96,79,81,88,"YLR150W",93,95.9,-0.09311,0.08741,0.3296,103
68,74,74,61,79,83,82,66,148,147,130,153,148,141,"YPL037C",107.4,100.3,0.05514,0.3306,0.6182,69.25
60,64,67,78,63,62,67,74,85,80,76,78,65,69,"YDR418W (+1)",68.3,72.9,-0.1411,0.08525,0.327,67.25
69,73,67,66,62,66,58,51,79,91,77,92,95,90,"YLR167W",73.4,74.6,-0.06867,0.397,0.6678,68.75
55,63,65,60,61,63,62,67,119,112,103,114,107,108,"YBR072W",83.1,82.4,-0.03228,0.4703,0.7304,60.75
53,58,59,58,60,59,62,74,93,103,107,102,96,97,"YNL007C",78.6,75.9,0.005518,0.9262,0.9779,57
54,53,63,63,59,51,66,64,74,59,57,63,61,63,"YAL005C",61,60.4,-0.03437,0.6923,0.8512,58.25
58,65,68,54,61,63,64,62,73,84,75,65,63,58,"YDR382W",62.3,68.1,-0.1773,0.02119,0.1389,61.25
71,71,73,69,53,53,50,45,47,51,49,48,40,34,"YBL087C (+1)",46.1,61.6,-0.4663,2.376e-05,0.0006169,71
44,41,41,45,37,37,45,40,47,31,33,41,31,34,"YPR163C",37.9,40.3,-0.1388,0.2097,0.5283,42.75
39,47,51,47,45,44,45,39,52,57,54,51,48,51,"YER165W",46.1,49.6,-0.1508,0.01219,0.1055,46
48,45,50,47,48,47,50,51,50,52,55,55,46,44,"YLR259C",48.7,49.6,-0.07323,0.1779,0.4813,47.5
27,25,23,24,60,63,53,49,8,12,9,38,37,29,"sp|P02787|TRFE_HUMAN",47,18.3,1.31,3.968e-07,2.435e-05,24.75
47,39,37,43,45,43,41,35,34,36,40,34,35,41,"YBL047C",39.1,39.4,-0.05954,0.454,0.7177,41.5
28,41,45,32,54,50,44,37,31,58,50,41,47,48,"YNL208W",45.9,40.7,0.1239,0.4316,0.692,36.5
27,26,27,25,59,61,55,55,11,8,8,27,26,26,"sp|P02788|TRFL_HUMAN",44.1,18.9,1.174,2.88e-09,9.718e-07,26.25
36,41,45,40,39,36,38,41,0,0,0,0,0,0,"YNL302C (+1)",22,23.1,-0.1321,0.03656,0.1968,40.5
26,35,44,41,37,42,39,39,37,86,91,41,80,100,"YAL044C",54,51.4,0.0261,0.9142,0.9779,36.5
35,43,40,37,42,40,37,39,53,48,49,55,45,48,"YPL154C",43.7,43.6,-0.04212,0.4296,0.6904,38.75
38,33,31,36,35,45,38,44,31,49,51,39,51,55,"YER074W (+1)",43.9,38.4,0.1436,0.2621,0.5689,34.5
26,33,27,29,41,39,34,33,55,52,44,59,47,53,"YEL034W",43.7,38,0.1566,0.09061,0.3385,28.75
39,32,34,31,32,37,36,38,34,39,34,40,34,34,"YAL038W",35.9,34.7,-0.00143,0.9821,0.9851,34
28,35,35,33,36,32,32,36,49,49,49,48,43,33,"YDR353W",37.1,39.7,-0.143,0.122,0.3886,32.75
25,23,17,19,43,42,41,49,9,8,10,26,24,31,"sp|P02768|ALBU_HUMAN",36.6,15.9,1.154,9.627e-07,4.999e-05,21
28,32,32,34,28,31,31,33,18,18,16,20,12,18,"YJL041W",24.7,25.4,-0.09289,0.2877,0.5814,31.5
30,25,35,30,29,32,36,33,29,23,19,25,21,20,"YJL020C",28,27.3,-0.01292,0.9078,0.9779,30
31,33,35,34,29,30,33,32,18,17,19,17,15,17,"YNL135C",24.7,26.7,-0.1642,0.004704,0.05205,33.25
21,19,17,16,41,36,36,36,8,7,9,24,23,24,"sp|P01008|ANT3_HUMAN",31.4,13.9,1.13,1.159e-07,1.304e-05,18.25
18,22,16,21,39,45,40,48,15,18,18,53,49,51,"sp|P04040|CATA_HUMAN",46.4,18.3,1.297,3.98e-08,6.716e-06,19.25
24,25,23,22,27,27,25,27,25,30,32,26,20,28,"YLR335W",25.7,25.9,-0.05588,0.5342,0.7475,23.5
34,32,28,33,26,29,27,28,24,31,28,23,27,27,"YGR209C",26.7,30,-0.2163,0.009217,0.08522,31.75
26,33,32,33,29,29,30,36,27,24,28,26,29,29,"YCR088W",29.7,29,-0.01403,0.8609,0.9718,31
24,24,33,30,23,26,32,35,38,43,40,38,43,44,"YOR230W",34.4,33.1,0.008876,0.9329,0.9779,27.75
27,32,32,30,29,28,28,34,0,0,0,0,0,0,"YCR031C (+1)",17,17.3,-0.08312,0.2298,0.5443,30.25
25,21,27,24,16,24,25,26,13,14,11,14,9,12,"YLR325C",18,19.3,-0.1516,0.2352,0.5475,24.25
27,30,30,33,24,27,26,30,33,29,23,28,22,24,"YKL152C",25.9,29.3,-0.2284,0.02722,0.1656,30
27,27,27,27,25,26,25,26,38,35,32,36,31,37,"YOR122C",29.4,30.4,-0.09478,0.06983,0.2909,27
23,31,25,29,31,32,29,29,19,30,32,26,31,32,"YPL249C-A",30,27,0.1036,0.3468,0.6344,27
29,31,27,29,27,29,28,31,31,35,38,32,34,30,"YBL058W",30.1,31.4,-0.1077,0.07548,0.3027,29
25,26,27,25,26,30,25,31,19,37,43,23,30,34,"YDL075W",28.4,28.9,-0.06903,0.6746,0.8445,25.75
21,25,31,25,25,28,28,25,23,32,28,33,22,31,"YKL085W",27.4,26.4,0.005748,0.9569,0.9844,25.5
28,31,20,24,30,22,20,29,21,23,22,19,14,19,"YCR012W",21.9,24.1,-0.1934,0.1571,0.4512,25.75
18,21,24,20,22,22,25,34,26,30,30,27,29,35,"YOR285W",27.7,24.1,0.1522,0.2259,0.5388,20.75
24,27,27,21,25,22,20,21,18,20,17,19,17,19,"YLL050C",20.4,22,-0.1567,0.0398,0.2051,24.75
22,20,24,25,21,20,21,20,25,18,21,23,19,21,"YMR142C",20.7,22.1,-0.1447,0.1128,0.3792,22.75
23,20,28,20,21,22,23,26,16,23,24,21,21,24,"YHR193C",22.6,22,-0.01171,0.9109,0.9779,22.75
27,24,25,26,25,22,20,20,24,23,22,23,24,21,"YOL123W",22.1,24.4,-0.1903,0.01546,0.1289,25.5
17,13,15,10,29,30,30,33,10,10,13,38,36,42,"sp|P08758|ANXA5_HUMAN",34,12.6,1.388,4.999e-07,2.812e-05,13.75
25,24,22,25,22,22,18,19,23,16,19,24,13,15,"YPL085W",19,22,-0.261,0.06495,0.2821,24
14,18,22,20,19,19,21,22,19,33,33,22,29,29,"YDR050C",23,22.7,-0.02811,0.8456,0.9625,18.5
18,20,25,21,19,23,26,26,17,22,20,19,21,23,"YLR262C-A",22.4,20.4,0.08587,0.3957,0.6678,21
17,23,24,19,22,25,22,22,21,23,25,21,20,23,"YDR226W",22.1,21.7,-0.02001,0.8011,0.9354,20.75
18,18,22,18,21,20,19,26,29,40,36,31,36,35,"YDR381W",26.9,25.9,0.009736,0.9204,0.9779,19
18,23,14,15,20,20,18,12,9,9,12,9,7,9,"YLR337C",13.6,14.3,-0.126,0.4269,0.6894,17.5
23,22,20,15,22,19,19,17,23,24,21,12,22,25,"YPL028W",19.4,21.1,-0.1699,0.2511,0.5632,20
20,20,22,19,19,17,21,21,29,24,25,28,22,25,"YLR257W",21.9,22.7,-0.1023,0.1781,0.4813,20.25
13,20,17,17,17,19,20,16,9,10,12,8,8,8,"YOR136W",13.7,14,-0.08171,0.4909,0.7398,16.75
17,20,16,14,18,21,18,20,19,25,18,17,19,23,"YKL056C",19.4,18.4,0.02861,0.7898,0.9255,16.75
19,19,23,19,17,18,19,21,27,24,26,28,21,23,"YNL209W",21,22.4,-0.1417,0.08303,0.3259,20
15,11,12,14,29,26,22,23,13,11,13,25,26,28,"sp|P10636|TAU_HUMAN",25.6,12.7,0.9599,3.747e-07,2.435e-05,13
17,17,18,21,18,19,21,19,19,20,18,18,16,19,"YHR146W",18.6,18.6,-0.04847,0.4928,0.7398,18.25
17,17,19,18,19,16,17,19,16,11,13,16,12,16,"YOR298C-A",16.4,15.9,0.00132,0.9886,0.9886,17.75
20,21,17,16,19,16,15,14,18,12,16,14,12,17,"YDR012W",15.3,17.1,-0.2147,0.0852,0.327,18.5
21,18,19,17,16,16,15,19,14,14,12,12,11,12,"YER122C",14.4,16.4,-0.2377,0.003841,0.04395,18.75
17,19,16,15,16,16,17,19,16,19,16,18,15,15,"YGR155W",16.6,16.9,-0.07313,0.297,0.5896,16.75
5,5,6,8,17,22,23,26,3,3,2,14,16,15,"sp|P00167|CYB5_HUMAN",19,4.6,2.004,1.124e-07,1.304e-05,6
15,17,19,17,16,14,17,18,18,14,15,16,15,12,"YGR034W",15.4,16.4,-0.1396,0.1496,0.4403,17
18,19,19,14,17,15,14,17,12,16,19,14,10,10,"YOR027W",13.9,16.7,-0.32,0.01973,0.1311,17.5
9,16,12,14,22,25,23,23,9,16,12,29,26,28,"sp|P12081|SYH_HUMAN",25.1,12.6,0.9523,7.643e-06,0.0002579,12.75
15,16,13,15,17,14,16,11,9,5,6,4,3,4,"YKL054C",9.9,11.3,-0.2491,0.1673,0.4666,14.75
17,15,15,15,16,15,14,15,19,20,18,19,19,21,"YOR042W",17,17,-0.04685,0.319,0.6081,15.5
18,14,12,18,12,13,14,15,12,14,11,11,12,11,"YBR127C",12.6,14.1,-0.2195,0.07194,0.2968,15.5
16,19,18,17,19,17,14,19,16,15,21,15,12,18,"YDR487C",16.3,17.4,-0.1466,0.1998,0.5108,17.5
16,17,19,18,14,17,17,15,16,14,17,15,12,11,"YEL037C",14.4,16.7,-0.2615,0.007674,0.07195,17.5
17,15,17,16,13,15,19,17,22,25,26,21,26,26,"YMR173W",19.6,19.7,-0.05625,0.5349,0.7475,16.25
15,18,18,18,13,16,17,15,18,24,24,19,24,21,"YKL117W",17.9,19.3,-0.1576,0.1186,0.3868,17.25
16,16,15,13,17,16,16,18,52,53,41,53,38,40,"YJL136C",28.3,29.4,-0.09903,0.3542,0.6434,15
11,11,13,8,14,9,9,9,1,1,0,0,0,1,"YJL189W",6,6.4,-0.1577,0.4912,0.7398,10.75
16,20,12,17,18,15,17,11,12,16,13,11,11,15,"YLL021W",14,15.1,-0.1627,0.2669,0.5689,16.25
19,15,17,18,15,16,12,14,18,13,13,13,12,15,"YIR006C",13.9,16.1,-0.2693,0.02407,0.1542,17.25
14,12,14,10,17,16,11,10,23,22,23,21,18,16,"YAL003W",15.6,16.9,-0.1599,0.2451,0.557,12.5
14,19,14,14,14,14,16,15,19,9,8,7,10,9,"YER003C",12.1,13.9,-0.2411,0.2579,0.5683,15.25
13,18,11,14,12,14,17,16,15,18,18,19,19,20,"YOL109W",16.7,15.3,0.08203,0.4591,0.7227,14
12,17,13,13,15,17,13,18,16,16,16,13,14,14,"YDR447C (+1)",14.9,14.7,-0.03435,0.7443,0.8876,13.75
11,6,5,5,26,31,21,15,7,9,5,19,20,19,"sp|P06396|GELS_HUMAN",21.6,6.9,1.604,1.555e-05,0.0004373,6.75
10,17,16,15,16,17,16,16,20,14,15,22,16,20,"YGR148C",17.6,15.3,0.1536,0.222,0.5388,14.5
12,11,10,11,20,21,16,22,10,6,8,29,23,20,"sp|P06732|KCRM_HUMAN",21.6,9.7,1.103,2.707e-05,0.0006769,11
12,14,14,13,14,15,14,12,21,19,21,16,17,17,"YLR192C",15,16.3,-0.165,0.03961,0.2051,13.25
13,15,16,18,15,15,14,18,12,16,15,15,18,16,"YHR021C (+1)",15.9,15,0.03178,0.7549,0.8924,15.5
13,10,14,10,14,15,14,11,25,25,24,24,23,21,"YBR118W (+1)",17.4,17.3,-0.03255,0.7172,0.8647,11.75
8,7,9,10,15,16,19,20,5,7,7,19,21,15,"sp|Q06830|PRDX1_HUMAN",17.9,7.6,1.189,5.349e-06,0.0002124,8.5
10,9,8,8,19,22,19,20,4,5,6,15,13,12,"sp|O76070|SYUG_HUMAN",17.1,7.1,1.212,1.666e-08,3.748e-06,8.75
8,9,11,11,20,16,17,25,1,4,5,15,15,14,"sp|P63279|UBC9_HUMAN",17.4,7,1.265,9.272e-05,0.002086,9.75
11,11,16,14,12,9,15,16,11,12,12,9,10,14,"YIR003W",12.1,12.4,-0.08271,0.5972,0.7959,13
13,13,15,14,14,15,15,16,17,18,22,18,15,23,"YHR174W",16.6,16,0.00398,0.9679,0.9845,13.75
17,11,14,11,14,12,13,8,5,9,6,7,6,9,"YJL076W",9.9,10.4,-0.133,0.4593,0.7227,13.25
13,14,19,14,11,13,11,13,15,12,13,15,10,11,"YLR044C",12,14.3,-0.3003,0.02712,0.1656,15
8,4,7,6,21,21,20,20,7,8,7,25,25,26,"sp|P15559|NQO1_HUMAN",22.6,6.7,1.702,5.166e-10,3.487e-07,6.25
11,15,14,8,15,10,15,12,9,6,10,13,6,14,"YDL173W",12.1,10.4,0.1697,0.419,0.6788,12
9,7,8,6,23,17,18,17,6,3,3,22,16,17,"sp|P00915|CAH1_HUMAN",18.6,6,1.581,3.56e-06,0.0001602,7.5
11,13,10,13,14,13,12,18,13,15,17,10,14,12,"YDR454C",13.3,13.1,-0.0325,0.8291,0.9567,11.75
10,15,13,12,12,13,12,13,12,12,12,16,14,12,"YHL015W",13.1,12.3,0.04921,0.5949,0.7959,12.5
13,12,11,12,12,14,14,12,11,12,14,11,13,13,"YGR162W",12.7,12.1,0.01793,0.8118,0.9415,12
17,16,13,14,14,13,10,8,14,13,15,12,15,15,"YJR045C",12.4,14.6,-0.2774,0.05757,0.2605,15
11,14,13,11,13,11,12,12,15,17,16,14,16,15,"YLR355C",13.3,13.9,-0.1076,0.09529,0.3477,12.25
12,11,16,9,15,16,12,16,12,9,9,6,10,6,"YOR197W",11.6,11.1,0.003574,0.9846,0.986,12
4,7,9,8,15,16,15,25,3,2,4,25,25,26,"sp|P02144|MYG_HUMAN",21,5.3,1.943,3.149e-05,0.000759,7
14,8,14,10,9,12,8,12,5,2,4,4,2,3,"YLR304C",7.1,8.1,-0.2434,0.2441,0.557,11.5
10,7,7,7,9,11,11,10,8,11,8,11,9,10,"YBR048W (+1)",10.1,8.3,0.2438,0.04936,0.2326,7.75
15,14,12,12,12,12,11,11,16,13,13,11,12,10,"YLL024C",11.3,13.6,-0.3143,0.001937,0.02514,13.25
13,12,12,12,10,12,13,12,10,13,12,13,12,9,"YNL071W",11.6,12,-0.1011,0.2669,0.5689,12.25
12,10,13,11,10,13,10,10,14,6,8,10,7,8,"YNL173C",9.7,10.6,-0.1717,0.3385,0.626,11.5
3,5,4,7,3,9,6,4,9,7,11,7,10,15,"YMR276W",7.7,6.6,0.1871,0.5089,0.7398,4.75
13,11,14,10,12,14,12,11,6,6,7,8,6,7,"YGR178C",10,9.6,0.01144,0.901,0.9779,12
14,11,14,10,11,9,11,10,11,10,10,9,8,8,"YDR385W (+1)",9.4,11.4,-0.327,0.002743,0.03336,12.25
11,12,13,14,11,11,14,13,14,13,15,13,9,14,"YOR220W",12.1,13.1,-0.1622,0.1448,0.4327,12.5
13,10,13,11,13,11,13,11,6,5,6,6,3,5,"YGR167W",8.9,9.1,-0.09871,0.4022,0.6704,11.75
11,11,10,11,13,13,11,12,11,15,16,12,17,15,"YMR038C",13.3,12.1,0.08281,0.4176,0.6788,10.75
8,10,8,9,8,11,10,7,6,3,4,6,4,4,"YDL208W",7.1,6.9,0.006727,0.9661,0.9845,8.75
9,9,12,10,8,8,8,16,19,25,24,21,15,22,"YFR032C-A",14,15.4,-0.1839,0.3031,0.5983,10
10,12,11,10,11,9,7,11,14,9,11,12,10,9,"YDR304C",9.9,11,-0.2062,0.1248,0.3931,10.75
11,13,11,9,10,10,8,7,18,28,24,25,21,22,"YGL123W",14.7,16.3,-0.1895,0.1296,0.4021,11
9,10,8,6,9,8,10,8,9,11,11,9,11,12,"YAR071W (+1)",9.6,9.1,0.01907,0.8609,0.9718,8.25
9,9,9,13,8,11,14,13,15,14,16,13,13,11,"YGL105W",11.9,12.1,-0.08119,0.599,0.7959,10
9,11,9,10,10,14,9,12,13,5,6,6,4,5,"YBR286W",8.6,9,-0.1215,0.6377,0.8262,9.75
9,9,12,11,10,12,10,9,15,13,15,13,11,11,"YMR116C",10.9,12,-0.1912,0.069,0.2909,10.25
11,8,11,11,11,6,8,7,5,1,2,3,1,0,"YJR016C",5.1,7,-0.5003,0.1161,0.3806,10.25
9,6,8,9,12,14,13,15,3,3,4,10,12,11,"sp|P09211|GSTP1_HUMAN",12.4,6,0.9999,9.777e-05,0.002129,8
6,6,7,8,18,14,13,14,3,5,5,12,15,18,"sp|P01112|RASH_HUMAN",14.9,5.7,1.33,6.891e-06,0.0002579,6.75
8,5,6,5,14,17,16,13,6,8,7,17,16,15,"sp|P68871|HBB_HUMAN",15.4,6.4,1.215,1.614e-07,1.556e-05,6
13,10,13,11,10,9,10,11,15,14,16,18,17,14,"YCL028W",12.7,13.1,-0.09388,0.3637,0.6443,11.75
7,7,10,7,12,13,16,16,5,5,5,14,14,17,"sp|O00762|UBE2C_HUMAN",14.6,6.6,1.1,1.677e-05,0.0004529,7.75
12,11,9,11,11,9,10,11,9,7,9,11,8,6,"YJR105W",9.4,9.7,-0.09279,0.465,0.7266,10.75
12,10,9,6,10,7,7,10,12,13,12,8,13,11,"YAL012W",9.4,10.6,-0.2118,0.1933,0.5076,9.25
11,7,10,10,5,8,7,3,6,6,4,5,4,2,"YLR180W",4.9,7.7,-0.7188,0.007361,0.06998,9.5
10,11,9,11,10,11,9,9,6,5,6,6,5,4,"YFR016C",7.7,8.3,-0.155,0.09986,0.3605,10.25
8,7,10,10,9,10,10,9,8,19,19,10,12,14,"YEL060C",10.6,11.6,-0.1762,0.386,0.6633,8.75
12,9,7,9,9,11,8,7,10,11,9,10,10,9,"YIL051C",9.1,9.6,-0.1139,0.375,0.6558,9.25
10,13,12,11,10,9,8,7,9,9,7,7,4,5,"YGL026C",7.1,10.1,-0.5565,0.0004742,0.006668,11.5
7,9,9,9,8,8,8,8,5,9,12,6,5,8,"YER023W",7.3,8.6,-0.2834,0.1252,0.3931,8.5
5,4,7,6,12,17,12,14,5,5,6,9,11,9,"sp|P16083|NQO2_HUMAN",12,5.4,1.095,1.136e-05,0.0003486,5.5
11,7,11,12,9,10,10,9,8,14,14,12,13,19,"YNL015W",11.7,11,0.04431,0.8057,0.9377,10.25
7,10,8,12,10,9,9,12,0,0,0,0,0,0,"YER131W (+1)",5.7,5.3,0.0534,0.7354,0.8806,9.25
14,8,10,10,8,8,11,8,6,7,8,8,7,6,"YAR002W",8,9,-0.2202,0.1732,0.4792,10.5
8,7,4,5,17,11,10,12,8,1,2,10,12,8,"sp|P00918|CAH2_HUMAN",11.4,5,1.143,0.002768,0.03336,6
7,7,10,8,8,8,10,11,8,9,7,8,11,8,"YBL002W (+1)",9.1,8,0.1442,0.2833,0.5812,8
9,9,10,8,10,10,10,9,6,6,7,6,7,7,"YOR020C",8.4,7.9,0.05079,0.3849,0.6633,9
9,10,10,7,8,7,11,13,14,12,11,13,9,9,"YML078W",10,10.4,-0.1077,0.5196,0.7447,9
8,9,8,8,6,10,5,7,10,8,7,7,7,7,"YOL040C",7,8.3,-0.2916,0.05553,0.2566,8.25
5,2,2,5,11,13,14,12,3,1,1,6,6,7,"sp|P08263|GSTA1_HUMAN",9.9,2.7,1.808,7.366e-06,0.0002579,3.5
11,8,9,9,7,8,10,9,9,7,9,5,10,7,"YHR097C",8,8.9,-0.1959,0.223,0.5388,9.25
7,11,8,11,9,7,11,12,15,13,13,15,16,13,"YFL014W",11.9,11.1,0.0438,0.749,0.8897,9.25
8,5,10,11,6,6,9,8,6,7,11,8,7,9,"YNL096C",7.6,8.3,-0.1783,0.3927,0.666,8.5
10,7,8,7,12,10,9,10,11,12,13,12,13,14,"YDR510W",11.4,9.7,0.1881,0.06658,0.2862,8
9,10,6,7,11,8,8,10,7,6,5,5,6,3,"YMR031C",7.3,7.1,-0.02256,0.8983,0.9779,8
12,8,9,9,9,9,9,9,7,8,8,5,7,9,"YNL281W",8.1,8.7,-0.1476,0.2445,0.557,9.5
11,11,10,9,8,10,6,6,11,11,12,11,12,15,"YPR129W",9.7,10.7,-0.1878,0.222,0.5388,10.25
11,10,8,11,9,9,9,9,17,11,13,10,11,10,"YDR348C",9.6,11.6,-0.3206,0.01981,0.1311,10
9,10,10,10,9,9,8,9,17,17,16,14,15,13,"YLR179C",11,12.7,-0.2541,0.0001309,0.002761,9.75
6,7,10,6,8,9,9,8,6,11,9,11,8,8,"YBR191W",8.7,7.9,0.1018,0.5085,0.7398,7.25
7,9,10,8,8,10,7,9,7,11,11,9,9,10,"YNL016W",8.9,9,-0.07072,0.5432,0.7575,8.5
9,7,8,6,8,10,8,9,17,20,14,13,18,19,"YNL160W",12.1,11.6,0.02572,0.8416,0.9601,7.5
7,6,8,9,7,4,8,7,3,5,4,2,6,3,"YHL034C",5.3,6,-0.2346,0.322,0.6087,7.5
4,4,4,5,10,14,12,11,3,2,2,12,11,9,"sp|P99999|CYC_HUMAN",11.3,3.4,1.669,3.539e-07,2.435e-05,4.25
7,9,7,9,7,8,6,5,7,5,7,5,5,5,"YBR263W",5.9,7.3,-0.3647,0.01165,0.1021,8
7,4,3,4,10,10,12,12,5,3,4,17,17,18,"sp|P41159|LEP_HUMAN",13.7,4.3,1.632,4.181e-06,0.0001764,4.5
7,9,7,8,9,6,5,9,11,7,7,6,10,8,"YOR234C",7.6,8,-0.1272,0.4945,0.7398,7.75
10,7,9,9,8,8,9,7,7,5,4,3,5,4,"YNL037C",6.3,7.3,-0.2647,0.09372,0.3456,8.75
8,8,10,7,9,6,7,6,6,6,5,3,5,5,"YGR130C",5.9,7.1,-0.3371,0.02801,0.1673,8.25
8,7,9,8,7,7,10,6,9,9,9,8,6,5,"YHR064C",7,8.4,-0.3163,0.04285,0.2124,8
6,7,9,6,7,9,10,8,5,8,6,7,6,6,"YLR178C",7.6,6.7,0.1238,0.37,0.6522,7
9,9,9,9,9,6,6,6,2,6,7,4,6,6,"YOR163W",6.1,7.3,-0.297,0.1528,0.4427,9
8,9,9,8,8,8,7,7,4,6,7,7,7,6,"YLR287C-A (+1)",7.1,7.3,-0.07846,0.4782,0.7386,8.5
5,6,3,5,12,12,12,12,2,2,2,10,5,5,"sp|P62937|PPIA_HUMAN",9.7,3.6,1.392,1.299e-05,0.0003813,4.75
3,6,4,3,11,6,10,7,2,1,1,5,4,5,"sp|P10599|THIO_HUMAN",6.9,2.9,1.211,0.0003439,0.005159,4
8,5,10,8,5,7,9,6,3,2,3,5,2,2,"YCL043C",5.1,5.6,-0.1689,0.495,0.7398,7.75
7,10,9,7,8,8,7,7,9,7,8,7,5,6,"YFL010C",6.9,8.1,-0.297,0.01651,0.1298,8.25
10,5,10,7,3,7,8,9,6,3,6,7,6,6,"YMR039C",6.6,6.7,-0.08094,0.75,0.8897,8
10,5,11,3,8,4,4,8,12,13,12,9,11,12,"YGR008C",8,9.4,-0.2819,0.2635,0.5689,7.25
9,8,9,4,6,7,6,11,20,34,32,39,25,17,"YLR388W",15.9,16.6,-0.1042,0.6662,0.8442,7.5
8,9,8,7,8,6,6,7,7,4,6,3,4,4,"YNL055C",5.4,7,-0.4178,0.009688,0.08837,8
6,8,8,8,6,7,8,8,9,4,6,3,4,4,"YDR028C",5.7,7,-0.3434,0.1151,0.3806,7.5
6,5,4,5,10,9,9,12,3,2,2,9,8,9,"sp|P05413|FABPH_HUMAN",9.4,3.9,1.239,1.073e-05,0.000345,5
9,9,8,7,8,7,6,7,9,9,8,14,8,7,"YDR032C",8.1,8.4,-0.09694,0.5668,0.7872,8.25
7,6,7,6,9,7,8,7,6,7,8,6,7,4,"YDR189W",6.9,6.7,-0.01867,0.894,0.9779,6.5
5,3,3,5,10,11,10,8,3,4,3,17,19,17,"sp|P55957|BID_HUMAN",13.1,3.7,1.777,3.025e-06,0.0001458,4
7,9,8,8,6,7,8,7,11,14,13,13,14,12,"YLR043C",9.6,10,-0.1082,0.2287,0.5436,8
7,6,4,6,10,10,5,9,2,4,3,4,7,9,"sp|P61626|LYSC_HUMAN",7.7,4.6,0.7043,0.0128,0.1093,5.75
7,3,2,1,13,12,8,9,2,1,1,8,9,12,"sp|P01375|TNFA_HUMAN",10.1,2.4,2.013,0.0001908,0.003067,3.25
7,6,8,7,5,7,8,10,5,9,7,8,8,6,"YBL099W",7.4,7,0.03733,0.8226,0.9524,7
6,6,8,7,5,8,7,7,8,9,9,8,10,8,"YBR112C",7.6,7.6,-0.04677,0.67,0.8445,6.75
6,8,6,8,7,8,5,8,3,2,6,4,2,4,"YIL115C",5.4,5.6,-0.08971,0.682,0.8453,7
10,6,7,6,6,5,5,8,2,3,5,2,5,5,"YMR086W",5.1,5.6,-0.1672,0.5156,0.742,7.25
5,7,9,7,6,7,6,4,5,4,4,3,3,4,"YER068W",4.7,5.9,-0.3644,0.03621,0.1968,7
5,5,3,5,11,8,8,9,0,0,0,0,1,4,"sp|P00709|LALBA_HUMAN",5.9,2.6,1.131,0.0159,0.1298,4.5
7,7,3,7,9,6,5,5,4,3,4,7,2,6,"YIR001C",5.7,5,0.1423,0.6069,0.8017,6
7,8,8,8,9,7,7,7,10,9,9,8,9,11,"YER009W",8.3,8.4,-0.07174,0.4176,0.6788,7.75
7,5,9,7,7,5,4,9,6,8,7,3,8,2,"YFR031C-A (+1)",5.4,7,-0.4161,0.1648,0.4615,7
6,5,7,7,4,5,7,6,11,8,11,9,10,9,"YKL204W",7.1,7.9,-0.1827,0.1899,0.5008,6.25
6,6,7,6,7,7,7,10,5,7,9,6,8,7,"YDL055C",7.4,6.6,0.1286,0.4,0.6699,6.25
6,8,6,8,7,9,8,7,6,7,6,8,4,8,"YER079W",7.3,6.7,0.06874,0.6296,0.8173,7
8,7,8,8,5,6,6,4,2,2,3,1,3,3,"YBR059C",4,5.4,-0.4943,0.01887,0.1298,7.75
6,8,6,5,6,9,7,4,3,5,4,2,4,4,"YOR239W",5.1,5.3,-0.09105,0.6655,0.8442,6.25
3,4,7,8,7,9,9,6,9,23,22,11,18,19,"YGR063C",11.3,10.9,0.01328,0.9614,0.9845,5.5
7,8,6,6,7,6,7,4,7,4,4,7,4,3,"YJR060W",5.4,6,-0.1944,0.3628,0.6443,6.75
7,6,5,7,8,4,8,7,6,3,3,2,3,3,"YOR142W",5,5.3,-0.1323,0.581,0.7959,6.25
7,6,9,7,5,4,8,6,6,8,11,8,8,10,"YDR513W",7,7.7,-0.1868,0.3228,0.6087,7.25
8,7,7,5,7,5,5,10,4,8,9,6,5,3,"YER063W",5.9,6.9,-0.2766,0.2817,0.5797,6.75
5,6,6,7,7,8,4,5,1,2,1,0,1,2,"YPR074C",3.9,4,-0.1084,0.6666,0.8442,6
7,7,7,7,4,3,7,6,11,16,16,13,12,12,"YMR295C",8.1,10.1,-0.3603,0.0259,0.1619,7
7,8,5,6,10,6,6,5,5,5,5,5,2,3,"YOR117W",5.3,5.9,-0.1991,0.3739,0.6556,6.5
5,4,4,5,7,5,6,9,1,1,2,1,0,1,"YDR171W",4.1,3.1,0.3424,0.2141,0.5313,4.5
5,3,4,4,9,7,7,10,1,1,1,3,5,7,"sp|P02753|RETBP_HUMAN",6.9,2.7,1.285,0.0003381,0.005159,4
6,5,8,7,7,7,5,5,3,0,1,2,1,1,"YEL039C",4,4.3,-0.1552,0.5699,0.7883,6.5
4,6,5,9,7,8,6,6,4,3,5,2,2,3,"YOR007C",4.9,5.1,-0.1347,0.5732,0.7896,6
6,7,7,6,8,6,6,5,4,1,3,2,2,1,"YNL118C",4.3,4.9,-0.2346,0.2886,0.5814,6.5
7,7,7,5,7,4,7,5,11,8,7,8,8,10,"YMR307W",7,7.4,-0.1319,0.4021,0.6704,6.5
7,7,4,6,5,7,6,5,10,11,9,14,12,12,"YBR249C",8.7,7.7,0.1316,0.3238,0.6088,6
5,8,4,7,4,6,7,4,2,4,4,4,3,3,"YDL099W",4.4,4.9,-0.1846,0.4107,0.6788,6
6,8,7,4,6,5,4,3,2,3,2,2,2,3,"YDL136W (+1)",3.6,4.6,-0.4091,0.06961,0.2909,6.25
9,7,7,5,6,7,3,4,6,9,9,7,8,5,"YNL074C",5.7,7.4,-0.4256,0.04962,0.2326,7
6,7,4,6,8,7,5,3,2,2,2,1,2,2,"YAR014C",4,4.1,-0.1049,0.6486,0.8324,5.75
4,5,6,5,7,5,7,6,4,4,3,1,3,3,"YBR078W",4.6,4.4,-0.006107,0.9763,0.9845,5
5,7,7,7,4,7,4,5,1,1,2,2,3,2,"YGR193C",3.9,4.3,-0.2062,0.3823,0.6633,6.5
8,5,6,6,6,4,8,5,7,5,4,2,4,3,"YMR205C",4.6,5.9,-0.408,0.1047,0.3666,6.25
6,5,6,6,6,6,6,6,3,6,3,6,4,4,"YER120W",5.4,5,0.0685,0.6504,0.833,5.75
7,6,6,7,7,5,4,6,4,1,1,2,0,0,"YHL007C",3.4,4.6,-0.4705,0.1987,0.5108,6.5
4,4,4,4,5,4,8,4,3,3,2,3,2,3,"YLR048W",4.1,3.4,0.2215,0.3003,0.5943,4
7,7,6,5,6,6,5,5,6,9,7,6,8,9,"YDL053C",6.4,6.7,-0.1095,0.4035,0.6708,6.25
6,6,4,6,5,7,6,5,3,3,3,3,3,3,"YFL037W",4.6,4.4,-0.006107,0.9581,0.9844,5.5
6,7,5,4,8,5,5,4,3,2,3,1,1,2,"YFR044C",3.7,4.3,-0.2602,0.2946,0.5896,5.5
3,6,7,7,4,7,4,7,5,4,3,2,6,2,"YNL166C",4.6,5,-0.1801,0.5464,0.7604,5.75
5,6,6,5,4,4,8,7,4,5,5,1,4,4,"YOL070C",4.6,5.1,-0.2205,0.3872,0.6633,5.5
5,5,6,6,6,5,4,5,2,3,2,0,0,1,"YJR091C",3,4.1,-0.5207,0.08372,0.3263,5.5
8,7,4,4,6,5,5,6,3,3,3,2,2,2,"YFR024C-A",4,4.6,-0.2455,0.1997,0.5108,5.75
7,6,6,6,6,6,4,6,7,6,6,5,5,5,"YDR533C",5.3,6.3,-0.2985,0.006077,0.06215,6.25
8,4,5,5,5,4,5,5,5,3,4,3,3,1,"YMR260C",3.7,4.9,-0.4382,0.07335,0.3001,5.5
8,5,7,6,5,5,6,5,9,5,6,6,6,6,"YGR279C",5.6,6.6,-0.286,0.08068,0.3188,6.5
4,5,7,5,6,4,5,6,4,4,5,5,2,3,"YBR108W",4.4,4.9,-0.1835,0.3427,0.6312,5.25
4,6,7,7,5,6,6,2,3,0,2,1,1,0,"YBR111C",3,4.1,-0.5212,0.1689,0.4693,6
6,6,7,5,5,5,5,6,5,3,4,4,3,6,"YOR369C",4.9,5.1,-0.1326,0.4158,0.6788,6
4,4,5,6,3,7,4,3,3,2,2,2,1,0,"YGL234W",2.9,3.7,-0.4321,0.197,0.5108,4.75
1,3,4,4,7,6,7,8,1,2,2,7,7,5,"sp|P01579|IFNG_HUMAN",6.7,2.4,1.417,8.165e-05,0.001901,3
2,4,2,2,10,8,7,3,2,0,0,2,1,0,"sp|P01127|PDGFB_HUMAN",4.4,1.7,1.313,0.02295,0.149,2.5
6,4,5,5,7,6,3,6,6,4,4,3,2,2,"YGR009C",4.1,4.9,-0.2802,0.2813,0.5797,5
7,5,8,5,5,4,2,7,5,3,4,4,2,3,"YGR027C (+1)",3.9,5.3,-0.5054,0.0641,0.2809,6.25
9,6,3,6,4,4,6,5,6,4,4,4,2,3,"YPL237W",4,5.4,-0.4909,0.06699,0.2862,6
6,4,7,5,5,3,4,5,3,2,1,2,2,2,"YER125W",3.3,4,-0.337,0.1192,0.3868,5.5
5,6,7,5,5,6,6,4,4,3,3,2,2,1,"YDR143C",3.7,4.7,-0.3967,0.04652,0.2228,5.75
7,4,3,6,3,4,5,6,5,7,8,5,6,7,"YPL049C",5.1,5.7,-0.1985,0.3605,0.6443,5
4,5,7,5,6,6,4,4,4,8,6,5,7,5,"YMR255W",5.3,5.6,-0.1235,0.5119,0.7398,5.25
6,6,4,5,6,3,7,5,7,4,4,6,3,2,"YPR062W",4.6,5.1,-0.2194,0.4193,0.6788,5.25
5,5,6,3,6,7,5,6,3,2,3,0,3,2,"YJR125C",4.1,3.9,0.04984,0.8485,0.9642,4.75
6,6,5,4,5,5,6,4,5,2,3,3,2,2,"YML092C",3.9,4.4,-0.251,0.2314,0.5443,5.25
8,6,4,7,5,3,3,4,2,0,1,2,1,0,"YGR080W",2.6,4,-0.6932,0.06519,0.2821,6.25
4,6,7,5,5,5,4,6,6,6,6,5,6,6,"YPR052C",5.3,5.7,-0.1602,0.1987,0.5108,5.5
4,5,4,5,4,2,5,6,5,1,1,1,2,1,"YJR017C",3,3.6,-0.3046,0.4452,0.7054,4.5
5,6,6,5,4,4,6,4,4,0,2,3,1,0,"YLR351C",3.1,4,-0.402,0.287,0.5814,5.5
8,3,6,5,3,4,4,5,4,2,3,3,3,3,"YJL159W",3.6,4.4,-0.3614,0.151,0.4406,5.5
6,5,4,4,4,5,5,4,5,7,4,7,5,2,"YML079W",4.6,5,-0.1771,0.4339,0.6928,4.75
6,5,6,5,5,5,5,4,5,3,4,5,5,5,"YFR003C",4.9,4.9,-0.04912,0.7051,0.8607,5.5
6,6,5,5,4,4,6,3,2,3,5,1,2,2,"YCL035C",3.1,4.6,-0.5927,0.02621,0.1623,5.5
6,5,6,3,6,5,4,3,4,2,4,2,3,2,"YHR020W",3.6,4.3,-0.3144,0.1821,0.4878,5
4,4,2,3,4,3,5,2,1,3,2,1,5,3,"YPL032C",3.3,2.7,0.2255,0.5247,0.7475,3.25
5,3,5,4,5,2,5,5,6,4,5,3,2,6,"YPL240C",4,4.6,-0.2409,0.3717,0.6534,4.25
6,4,5,5,3,4,4,5,5,4,1,2,3,4,"YIL015W",3.6,4.3,-0.3135,0.2244,0.5388,5
8,5,5,6,6,4,3,3,2,3,5,2,3,3,"YJR121W",3.4,4.9,-0.5538,0.03842,0.2026,6
7,5,3,4,4,5,4,3,1,1,2,1,3,4,"YCR084C",3.4,3.3,0.008727,0.9794,0.9845,4.75
5,4,3,6,4,5,4,2,3,4,5,4,5,5,"YMR314W",4.1,4.3,-0.09694,0.6598,0.842,4.5
5,6,4,5,4,5,4,4,3,1,1,0,0,2,"YMR108W",2.7,3.6,-0.451,0.1895,0.5008,5
2,5,4,3,4,4,2,4,2,3,2,1,1,2,"YGR189C",2.6,3,-0.2744,0.305,0.5986,3.5
2,3,4,3,5,5,5,6,3,2,1,3,1,3,"YPR041W",4,2.6,0.5854,0.03005,0.1744,3
5,6,3,4,5,2,2,2,2,2,4,3,1,2,"YJR139C",2.4,3.7,-0.6639,0.05712,0.2605,4.5
4,4,2,4,3,3,3,3,3,3,2,3,1,0,"YBR093C",2.3,3.1,-0.5106,0.1129,0.3792,3.5
4,4,4,6,4,5,4,4,1,1,1,1,1,0,"YOR120W",2.7,3,-0.2003,0.3162,0.6062,4.5
4,5,4,3,5,6,4,4,4,3,2,2,2,3,"YLL045C",3.7,3.6,0.005375,0.978,0.9845,4
6,4,4,5,3,4,4,3,6,7,8,3,8,8,"YBR011C",4.7,5.7,-0.3229,0.1586,0.4533,4.75
4,5,6,6,3,5,5,4,3,3,4,3,2,3,"YHR208W",3.6,4.4,-0.3614,0.03457,0.1897,5.25
5,4,5,5,4,4,5,6,4,6,3,4,4,6,"YCR028C-A",4.7,4.6,-0.004264,0.9801,0.9845,4.75
5,4,5,4,4,4,4,4,1,0,1,1,2,1,"YLR197W",2.9,2.9,-0.05532,0.8024,0.9354,4.5
5,5,4,6,4,2,6,2,3,3,2,3,0,2,"YCR004C",2.7,4,-0.6116,0.09078,0.3385,5
5,5,4,4,4,4,2,3,4,6,9,3,4,5,"YER030W",3.6,5.3,-0.6121,0.01417,0.1196,4.5
5,5,5,4,4,4,6,4,7,8,5,7,3,5,"YDR055W",4.7,5.6,-0.2879,0.1418,0.4273,4.75
6,3,5,6,3,3,5,6,7,8,6,7,5,5,"YDR098C-B (+20)",4.9,5.9,-0.3165,0.1288,0.4021,5
3,4,3,3,5,2,5,2,1,0,1,1,0,0,"YML074C",2.1,2.1,-0.05657,0.8861,0.9779,3.25
4,5,4,4,3,4,6,4,4,3,2,2,2,2,"YOR052C",3.3,3.7,-0.2283,0.2791,0.5797,4.25
5,4,5,4,4,5,5,4,4,4,3,4,2,1,"YIL063C",3.6,4.1,-0.2648,0.2102,0.5283,4.5
4,4,5,5,4,4,5,5,6,6,5,5,5,5,"YLR264W (+1)",4.7,5,-0.1322,0.163,0.4615,4.5
7,6,2,4,6,5,4,2,1,2,3,1,3,2,"YDL195W",3.3,3.6,-0.1731,0.6172,0.8059,4.75
5,4,2,3,5,3,5,1,3,3,2,1,1,0,"YIL135C",2.3,3.1,-0.5119,0.2402,0.5534,3.5
3,5,2,2,3,2,2,2,0,1,0,1,0,0,"YGL253W",1.4,1.9,-0.4354,0.3584,0.6434,3
4,5,4,3,6,5,3,4,1,0,1,0,1,0,"YDL051W",2.7,2.6,0.02096,0.9469,0.9818,4
3,3,4,3,3,5,4,5,2,1,1,2,3,2,"sp|P00441|SODC_HUMAN",3.4,2.4,0.4452,0.03676,0.1968,3.25
5,4,4,3,3,4,4,4,3,3,3,3,3,3,"YCL037C",3.4,3.6,-0.1088,0.3198,0.6081,4
4,2,2,1,4,6,5,3,0,0,1,3,5,3,"sp|P61769|B2MG_HUMAN",4.1,1.4,1.485,0.005105,0.0547,2.25
5,5,4,4,5,3,3,2,8,6,5,10,6,5,"YBR092C",4.9,5.3,-0.1669,0.4876,0.7398,4.5
5,3,5,3,5,2,1,3,1,2,2,0,0,0,"YDR293C",1.6,3,-0.9881,0.05041,0.2347,4
3,5,4,4,3,4,3,5,3,5,4,4,4,4,"YLR061W",3.9,4,-0.1006,0.5176,0.7433,4
7,2,2,2,1,1,3,1,1,2,1,1,1,1,"YJR009C",1.3,2.4,-0.9699,0.08612,0.3275,3.25
1,1,1,1,4,4,4,9,0,0,0,2,2,6,"sp|P69905|HBA_HUMAN",4.4,0.6,2.902,0.0002507,0.003936,1
3,5,5,3,4,5,4,5,5,5,5,6,5,6,"YDR378C",5,4.4,0.1282,0.2964,0.5896,4
3,4,4,4,4,5,3,3,0,0,0,0,1,0,"YBL092W",2.3,2.1,0.03484,0.9285,0.9779,3.75
4,3,3,4,5,4,4,3,0,1,1,1,0,0,"YER027C",2.4,2.3,0.03067,0.9196,0.9779,3.5
4,5,4,3,6,4,2,4,4,3,4,4,3,3,"YJL177W",3.7,3.9,-0.1036,0.6115,0.8022,4
5,4,4,3,3,5,3,4,1,2,3,0,1,1,"YMR124W",2.4,3.1,-0.4259,0.1766,0.4813,4
5,4,4,4,2,2,4,4,7,6,6,6,5,6,"YPR154W",4.1,5.1,-0.3571,0.0388,0.203,4.25
2,3,5,4,3,4,5,2,4,3,1,2,5,2,"YML100W",3.3,3.1,0.01453,0.9668,0.9845,3.5
2,2,2,1,5,4,7,7,0,0,0,5,1,3,"sp|P02741|CRP_HUMAN",4.6,1,2.139,0.0004298,0.006173,1.75
4,4,4,5,4,4,1,2,4,0,1,1,0,0,"YDL226C",1.7,3.1,-0.9291,0.1028,0.3634,4.25
9,3,1,2,4,1,4,4,6,7,6,4,6,6,"YJR094W-A (+1)",4.1,4.9,-0.2746,0.5037,0.7398,3.75
4,4,3,3,4,4,2,3,2,0,0,1,1,2,"YOR286W",2.4,2.3,0.03295,0.9254,0.9779,3.5
3,3,2,2,5,6,5,6,1,0,0,2,2,2,"sp|P01031|CO5_HUMAN",4,1.6,1.293,0.0001581,0.002884,2.5
4,3,3,1,2,5,3,3,1,1,2,2,2,1,"YBL051C",2.6,2.1,0.2108,0.502,0.7398,2.75
4,4,4,3,3,3,3,3,1,4,3,1,1,4,"YKL195W",2.6,3.3,-0.4042,0.2008,0.5115,3.75
5,6,3,5,4,3,3,2,2,1,3,1,1,1,"YJR093C",2.1,3.6,-0.7904,0.006222,0.06269,4.75
2,3,2,2,6,5,4,3,1,1,0,2,2,2,"sp|P51965|UB2E1_HUMAN",3.4,1.6,1.072,0.0007695,0.01039,2.25
4,3,3,3,2,4,2,1,0,1,1,0,0,1,"YNL309W",1.4,2.1,-0.641,0.1357,0.4163,3.25
4,4,4,4,3,2,4,4,2,2,2,1,1,2,"YBR252W",2.4,3.1,-0.4246,0.02833,0.1677,4
4,3,4,3,3,3,3,4,4,1,2,1,1,0,"YDR162C",2.1,3,-0.5382,0.15,0.4403,3.5
2,5,3,4,4,3,3,2,3,2,2,2,3,3,"YOR153W",2.9,3,-0.1203,0.6145,0.8038,3.5
4,2,3,3,2,2,4,3,2,1,2,1,2,1,"YDL185W",2.1,2.4,-0.2326,0.3847,0.6633,3
1,2,4,3,2,2,3,3,2,1,1,3,1,1,"YDR172W",2.1,2,0.04824,0.8932,0.9779,2.5
3,2,4,4,2,3,5,6,1,1,3,1,2,3,"YEL038W",3.1,2.6,0.2373,0.5023,0.7398,3.25
2,2,3,3,4,3,4,3,3,2,2,3,2,0,"YNL308C",2.7,2.4,0.1098,0.7174,0.8647,2.5
5,4,2,3,4,4,4,0,0,2,2,1,1,1,"YNL108C",2.1,2.6,-0.3168,0.4612,0.7228,3.5
4,3,5,4,4,2,3,4,3,3,4,1,3,2,"YGL023C",2.7,3.7,-0.5027,0.04109,0.207,4
4,3,4,3,3,2,4,4,1,4,1,4,1,2,"YHR200W",2.9,2.9,-0.05093,0.882,0.9779,3.5
4,3,4,4,4,2,3,3,1,1,0,1,1,1,"YML017W",2.1,2.4,-0.2357,0.3082,0.6031,3.75
2,4,3,4,4,2,4,3,2,0,0,1,0,1,"YML085C",2.1,2.1,-0.05573,0.8954,0.9779,3.25
3,3,3,3,3,3,4,4,5,5,6,5,5,5,"YOL127W",4.1,4,0.00519,0.9558,0.9844,3
1,3,5,3,3,2,3,2,1,0,1,0,0,0,"YMR261C",1.4,2,-0.5424,0.2471,0.5597,3
2,3,2,3,4,5,6,4,2,2,4,5,3,5,"sp|P63165|SUMO1_HUMAN",4.6,2.6,0.7815,0.002953,0.03497,2.5
3,4,3,3,3,4,3,4,2,0,0,0,0,1,"YIL053W",2.1,2.1,-0.05657,0.8996,0.9779,3.25
2,4,4,3,4,2,3,4,3,3,3,0,2,2,"YLR249W",2.4,3.1,-0.4227,0.1765,0.4813,3.25
1,2,1,2,3,3,2,2,4,3,2,3,4,3,"YOR096W",2.9,2.1,0.3696,0.1299,0.4021,1.5
4,5,3,4,4,4,1,3,0,3,3,2,1,3,"YGR196C",2.6,3.1,-0.3411,0.3432,0.6312,4
3,4,1,3,4,4,3,3,2,3,3,2,4,0,"YGL087C",2.9,2.7,0.02393,0.946,0.9818,2.75
4,3,6,3,3,3,2,4,4,5,3,3,3,4,"YNL312W",3.1,4,-0.396,0.08077,0.3188,4
4,3,2,3,4,3,4,4,3,3,3,2,3,3,"YNL183C",3.3,3,0.08186,0.6105,0.8022,3
1,2,2,2,3,2,3,4,1,0,0,0,0,0,"YPR171W",1.7,1.1,0.5271,0.3569,0.6434,1.75
4,4,3,3,3,3,2,3,10,8,8,9,7,8,"YOR294W",5,5.7,-0.235,0.05589,0.2566,3.5
4,5,4,4,3,3,3,2,4,0,0,2,1,1,"YKL067W",2.1,3,-0.5389,0.2258,0.5388,4.25
5,3,3,2,4,1,1,3,2,0,1,2,1,2,"YIL010W",2,2.3,-0.245,0.5785,0.7952,3.25
3,5,2,1,4,6,2,2,1,0,1,2,0,0,"YMR297W",2.3,1.9,0.2439,0.6554,0.8378,2.75
4,3,3,5,4,3,2,3,1,1,1,2,0,0,"YDR207C",2,2.6,-0.4177,0.256,0.5683,3.75
4,4,2,4,3,3,3,4,1,1,1,0,1,1,"YJR025C",2.1,2.4,-0.2357,0.3157,0.6062,3.5
3,1,4,5,3,2,3,2,0,0,0,0,0,0,"YPL180W",1.4,1.9,-0.4376,0.2105,0.5283,3.25
2,4,2,2,3,2,3,2,3,3,2,2,2,1,"YHR138C",2.1,2.6,-0.3122,0.2196,0.5388,2.5
3,4,4,2,3,3,3,2,1,2,1,1,1,1,"YLR027C",2,2.4,-0.3335,0.1087,0.3726,3.25
4,6,2,2,5,3,2,2,2,0,0,0,0,1,"YBR109C",1.9,2.3,-0.356,0.5297,0.7475,3.5
2,4,3,4,3,3,1,1,3,2,2,3,1,2,"YDR519W",2,2.9,-0.5641,0.09669,0.3509,3.25
2,4,2,4,4,4,4,2,1,2,2,1,2,2,"YDR156W",2.7,2.4,0.1084,0.6771,0.8449,3
5,2,3,2,4,3,4,4,3,5,3,5,4,4,"YGR169C-A",4,3.3,0.2365,0.2852,0.5814,3
1,1,3,3,2,1,3,2,2,1,1,3,0,1,"YPR187W",1.7,1.7,-0.05072,0.9163,0.9779,2
4,4,2,4,3,2,3,4,6,4,4,3,2,4,"YAL059W",3,4,-0.4624,0.05879,0.2628,3.5
4,3,4,3,3,3,3,3,2,1,1,1,1,2,"YDL083C (+1)",2.3,2.6,-0.2231,0.2253,0.5388,3.5
2,5,2,4,1,1,2,3,0,0,0,0,0,0,"YHR179W",1,1.9,-0.9522,0.03014,0.1744,3.25
2,2,3,3,2,3,2,3,1,1,1,1,1,0,"YPL231W",1.7,1.9,-0.1695,0.4855,0.7398,2.5
3,2,2,2,4,3,4,4,0,0,0,0,0,0,"sp|P01344|IGF2_HUMAN",2.1,1.3,0.6779,0.0003893,0.005713,2.25
3,2,1,4,1,2,3,3,2,0,0,0,1,1,"YGL222C",1.6,1.7,-0.1802,0.7392,0.8831,2.5
3,2,1,1,2,2,2,1,0,1,2,1,1,1,"YLR185W",1.4,1.4,-0.05155,0.8963,0.9779,1.75
3,2,4,3,3,1,4,2,0,0,0,0,0,0,"YMR120C",1.4,1.7,-0.3221,0.3166,0.6062,3
5,0,2,2,1,3,2,4,7,5,6,4,8,8,"YDR033W",4.3,3.9,0.1096,0.7683,0.9066,2.25
3,2,3,4,3,3,2,2,0,1,0,1,0,1,"YDL223C",1.7,1.9,-0.1715,0.6414,0.8278,3
2,2,4,2,3,4,2,4,0,1,0,1,0,0,"YLR429W",2,1.6,0.2909,0.508,0.7398,2.5
3,3,4,3,2,1,2,3,1,1,1,2,1,1,"YBL064C",1.7,2.3,-0.4679,0.105,0.3666,3.25
3,1,3,2,2,1,1,5,1,2,4,4,3,2,"YNL315C",2.6,2.3,0.1227,0.7835,0.9198,2.25
2,5,2,2,2,3,3,1,1,1,4,0,0,1,"YMR311C",1.4,2.4,-0.8181,0.1646,0.4615,2.75
4,4,2,2,3,2,1,1,0,0,0,0,0,0,"YBR049C",1,1.7,-0.8367,0.03105,0.1776,3
2,1,1,3,1,1,2,1,2,3,1,1,4,2,"YOR098C",1.7,1.9,-0.1615,0.7149,0.8647,1.75
3,2,3,4,1,1,2,4,1,0,0,1,1,0,"YCR087C-A",1.4,1.9,-0.4343,0.3923,0.666,3
2,4,2,4,3,5,2,1,2,0,1,1,1,1,"YMR305C",2,2.1,-0.1534,0.7157,0.8647,3
2,3,3,3,2,4,3,3,3,2,2,2,1,1,"YDL213C",2.3,2.6,-0.2209,0.3635,0.6443,2.75
3,3,4,2,3,2,2,3,1,1,1,1,1,1,"YOR078W",1.9,2.1,-0.2602,0.1483,0.4403,3
2,3,2,5,2,2,3,2,1,1,1,1,0,2,"YJL005W",1.7,2.1,-0.3754,0.3359,0.6246,3
2,3,3,3,2,2,2,2,1,1,1,2,2,1,"YJL121C",1.9,2,-0.1586,0.4975,0.7398,2.75
4,2,2,3,2,2,4,2,0,2,2,1,1,1,"YOR014W",1.9,2.1,-0.2593,0.4707,0.7304,2.75
5,5,1,2,3,3,2,2,3,2,2,3,2,0,"YLR330W",2.1,2.9,-0.4655,0.2653,0.5689,3.25
3,2,3,3,2,3,2,2,1,2,2,1,1,2,"YJR148W",1.9,2.3,-0.3509,0.1027,0.3634,2.75
1,4,3,1,4,2,3,4,1,1,1,0,1,1,"YPL160W",2.1,1.7,0.2675,0.4845,0.7398,2.25
4,3,2,2,3,3,2,2,2,2,4,2,3,2,"YNL216W",2.4,2.7,-0.2091,0.3977,0.6678,2.75
3,2,3,3,3,3,2,3,0,0,1,0,0,1,"YLR361C-A",1.7,1.7,-0.05699,0.8831,0.9779,2.75
4,1,3,3,2,2,3,3,2,1,1,2,2,2,"YBR085C-A",2.3,2.1,0.04212,0.8836,0.9779,2.75
1,2,2,3,3,3,3,3,2,1,1,0,1,2,"YLR219W",2.1,1.7,0.2694,0.4286,0.6904,2
1,4,2,2,2,4,3,1,0,1,1,1,1,1,"YPL127C",1.9,1.6,0.1872,0.6457,0.8302,2.25
3,2,2,2,2,1,1,1,1,0,1,1,0,1,"YGL187C",1,1.6,-0.7056,0.08637,0.3275,2.25
2,2,3,3,2,3,3,2,0,2,2,1,1,1,"YLR114C",1.9,2,-0.1595,0.5978,0.7959,2.5
2,2,2,3,1,2,4,2,1,1,1,0,0,0,"YGL148W",1.3,1.7,-0.4705,0.3156,0.6062,2.25
3,3,2,3,2,2,2,2,1,1,0,1,1,1,"YEL044W",1.6,1.9,-0.2949,0.2157,0.5334,2.75
3,3,2,3,3,1,2,2,1,2,2,2,2,3,"YDL092W",2.1,2.3,-0.1425,0.5865,0.7959,2.75
2,1,2,3,4,2,3,3,1,1,2,1,1,1,"YNR024W",2.1,1.7,0.2694,0.3694,0.6522,2
4,1,3,2,3,3,3,2,1,1,1,1,0,0,"YCL014W",1.7,1.9,-0.1705,0.639,0.8263,2.5
3,3,2,1,2,1,2,2,0,0,0,0,0,0,"YEL047C",1,1.3,-0.4216,0.1545,0.4456,2.25
2,2,2,3,2,3,2,0,1,0,0,0,0,0,"YOR362C",1,1.4,-0.5722,0.3445,0.6319,2.25
2,2,3,3,2,3,2,2,2,0,1,1,1,1,"YPR004C",1.7,1.9,-0.1685,0.5711,0.7883,2.5
2,3,3,3,2,2,1,0,3,2,2,2,4,3,"YLR410W",2,2.6,-0.4091,0.2692,0.5689,2.75
1,3,0,3,4,3,0,3,0,0,1,0,0,2,"YDR272W",1.7,1.1,0.5297,0.4815,0.7386,1.75
1,1,0,0,6,1,6,2,0,0,0,0,0,0,"sp|P10145|IL8_HUMAN",2.1,0.3,2.848,0.002256,0.02873,0.5
2,2,2,3,2,2,2,3,3,2,2,2,1,2,"YER034W",2,2.3,-0.2417,0.2557,0.5683,2.25
2,2,2,2,3,2,2,4,0,1,2,1,0,1,"YHR009C",1.9,1.6,0.1872,0.6427,0.8279,2
2,2,3,2,2,2,3,3,2,0,1,1,0,1,"YKR090W",1.7,1.7,-0.05385,0.8856,0.9779,2.25
2,2,2,3,2,3,2,2,1,1,1,0,0,1,"YPL129W",1.4,1.7,-0.3176,0.3131,0.6062,2.25
4,3,2,2,2,2,2,2,0,0,0,0,0,0,"YER057C",1.1,1.6,-0.5185,0.02422,0.1542,2.75
4,3,2,2,2,2,3,2,2,3,2,2,4,3,"YMR194W",2.6,2.6,-0.04793,0.8511,0.9655,2.75
3,3,2,1,2,2,2,2,1,1,1,1,1,1,"YNL244C",1.6,1.7,-0.1781,0.3882,0.6633,2.25
2,3,2,0,3,2,2,1,1,1,1,1,2,1,"YPL262W",1.7,1.4,0.2119,0.5908,0.7959,1.75
3,3,2,2,4,3,2,1,1,1,1,0,1,0,"YPL061W",1.6,1.9,-0.2959,0.4439,0.705,2.5
2,1,3,3,1,1,3,4,1,1,1,1,1,1,"YDR471W (+1)",1.7,1.7,-0.05281,0.8895,0.9779,2.25
3,3,2,2,1,0,2,1,1,0,0,1,0,0,"YGR186W",0.7,1.6,-1.193,0.07578,0.3027,2.5
3,2,2,3,2,1,2,2,1,2,1,1,0,1,"YGR081C",1.3,2,-0.69,0.03211,0.1821,2.5
2,1,3,2,1,2,3,2,2,2,2,2,2,2,"YJL128C",2,2,-0.04833,0.8412,0.9601,2
2,3,2,3,2,3,2,1,1,2,2,2,2,2,"YBR089C-A",2,2.1,-0.1491,0.5252,0.7475,2.5
2,3,3,3,2,1,1,2,2,1,1,1,0,1,"YHR019C",1.1,2.1,-0.9594,0.006884,0.06638,2.75
3,3,1,3,2,1,1,3,2,4,6,4,4,6,"YLR327C",3,3.1,-0.111,0.7358,0.8806,2.5
3,3,3,1,4,2,2,1,0,0,1,1,0,0,"YGL139W",1.4,1.6,-0.1942,0.7088,0.8621,2.5
3,3,2,1,2,1,2,1,2,2,3,2,1,2,"YKL122C",1.6,2.3,-0.5885,0.0495,0.2326,2.25
2,3,2,2,2,3,2,0,2,2,2,2,2,1,"YML007W",1.7,2.1,-0.3708,0.2535,0.5667,2.25
2,2,3,2,2,2,2,3,1,1,0,1,1,0,"YCR077C",1.6,1.6,-0.05452,0.8603,0.9718,2.25
2,4,1,2,3,2,2,2,1,1,1,0,0,1,"YDR045C",1.4,1.7,-0.3176,0.4174,0.6788,2.25
1,3,2,2,2,3,2,1,1,2,3,2,3,4,"YKR042W",2.4,2,0.2332,0.4671,0.7281,2
4,3,2,1,2,2,2,2,0,2,2,2,0,2,"YPL105C",1.7,2,-0.2738,0.5263,0.7475,2.5
2,2,3,3,1,2,2,3,4,3,5,6,5,5,"YNL178W",3.4,3.1,0.08172,0.7069,0.8612,2.5
1,3,1,1,2,3,1,1,0,1,1,0,1,0,"YNL066W",1.1,1.1,-0.05438,0.9234,0.9779,1.5
1,1,2,3,2,1,1,1,2,1,2,2,2,2,"YHR132W-A",1.6,1.7,-0.1726,0.6043,0.8013,1.75
1,2,1,3,3,3,3,1,0,0,0,0,0,0,"YDR233C",1.4,1,0.4555,0.2319,0.5443,1.75
1,3,2,1,1,1,3,2,1,0,1,0,0,0,"YDR251W",1,1.3,-0.4185,0.4762,0.7373,1.75
3,3,1,2,3,1,1,1,0,1,1,1,0,1,"YEL056W",1.1,1.6,-0.5132,0.2875,0.5814,2.25
0,3,3,1,2,3,2,1,2,4,4,3,4,3,"YML010W",2.6,2.4,0.03772,0.9158,0.9779,1.75
5,2,3,0,0,2,0,1,0,0,0,0,0,0,"YGL008C (+1)",0.4,1.4,-1.796,0.04099,0.207,2.5
2,3,3,1,2,3,2,2,2,0,0,0,0,0,"YGR094W",1.3,1.6,-0.3461,0.5961,0.7959,2.25
2,2,2,3,2,2,2,2,1,0,1,1,1,0,"YER006W",1.4,1.6,-0.1918,0.5331,0.7475,2.25
2,2,2,3,3,2,1,2,1,2,2,2,2,2,"YGR240C",2,2,-0.04922,0.8286,0.9567,2.25
2,3,1,2,2,3,1,2,0,0,0,0,0,1,"YBR214W",1.3,1.1,0.1123,0.8409,0.9601,2
2,3,2,1,3,2,2,2,2,0,1,0,0,1,"YIL044C",1.4,1.6,-0.1918,0.6917,0.8512,2
1,2,2,2,3,2,2,2,0,0,0,0,0,0,"YPL226W",1.3,1,0.3035,0.1346,0.4147,1.75
3,3,1,2,3,2,1,2,0,1,0,1,0,0,"YGR282C",1.3,1.4,-0.2084,0.6801,0.8453,2.25
3,2,2,3,2,3,1,1,3,3,3,1,3,4,"YOL039W",2.1,2.7,-0.3876,0.2197,0.5388,2.5
2,1,2,3,2,1,3,2,6,4,6,4,5,5,"YLR244C",3.1,3.4,-0.1683,0.4615,0.7228,2
3,3,2,2,2,2,2,0,1,1,1,1,1,1,"YHR087W",1.3,1.9,-0.5828,0.07494,0.3027,2.5
4,1,2,2,1,2,1,0,3,3,2,3,1,2,"YNL197C",1.4,2.4,-0.8116,0.0721,0.2968,2.25
2,2,1,1,2,1,1,1,0,1,0,1,1,0,"YHR049W",1,1,-0.0537,0.9133,0.9779,1.5
2,1,1,1,3,1,2,1,3,2,2,2,1,3,"YFL039C",1.9,1.7,0.06944,0.842,0.9601,1.25
2,3,1,1,2,1,0,1,2,1,1,1,1,2,"YMR083W",1.1,1.6,-0.508,0.2708,0.5693,1.75
2,1,1,1,2,1,1,5,1,1,0,0,0,0,"YHR082C",1.3,1,0.3066,0.6825,0.8453,1.25
1,1,1,2,1,2,1,1,1,0,0,0,0,0,"YLL018C",0.7,0.9,-0.3198,0.626,0.8158,1.25
2,2,2,2,2,2,2,2,2,3,2,3,3,3,"YHR108W",2.4,2.1,0.134,0.1852,0.4922,2
1,2,2,2,2,2,2,2,1,0,0,0,0,0,"YDR096W",1.1,1.1,-0.05751,0.9125,0.9779,1.75
2,2,2,2,2,3,1,2,0,1,1,1,1,1,"YPR016C",1.6,1.4,0.0844,0.7528,0.8915,2
2,1,2,2,1,2,1,2,2,1,1,2,1,0,"YHR072W-A",1.3,1.6,-0.3398,0.3762,0.6562,1.75
3,2,2,2,1,2,2,2,1,2,2,2,1,2,"YOL030W",1.7,2,-0.2718,0.2376,0.5512,2.25
3,3,1,2,2,2,1,2,1,0,2,1,1,1,"YPR008W",1.4,1.7,-0.3153,0.3877,0.6633,2.25
4,2,2,2,2,2,1,1,2,3,2,2,2,3,"YNL157W",1.9,2.4,-0.4344,0.1398,0.4231,2.5
3,2,2,3,2,1,1,2,2,2,1,1,2,1,"YOL111C",1.4,2.1,-0.635,0.03348,0.1883,2.5
2,3,3,2,3,1,1,1,2,0,2,1,1,1,"YLR109W",1.3,2,-0.6889,0.09421,0.3456,2.5
3,2,2,1,1,1,1,1,4,2,2,2,2,2,"YMR062C",1.4,2.3,-0.7237,0.01895,0.1298,2
1,2,1,2,1,3,2,1,1,2,0,1,2,1,"YDR450W (+1)",1.6,1.3,0.2392,0.5819,0.7959,1.5
3,3,1,2,1,1,2,3,0,0,1,1,0,0,"YGL066W",1.1,1.4,-0.3782,0.4968,0.7398,2.25
2,3,1,2,3,2,2,0,1,0,1,1,1,0,"YPL249C",1.3,1.4,-0.2058,0.6738,0.8445,2
3,2,2,1,2,1,3,0,6,2,5,3,4,7,"YDR452W",2.9,3,-0.113,0.779,0.9177,2
3,1,2,1,0,2,1,1,0,0,0,0,1,0,"YNL310C",0.7,1,-0.5424,0.5113,0.7398,1.75
3,3,1,0,2,2,0,2,0,1,0,0,0,0,"YPR172W",0.9,1.1,-0.4723,0.5324,0.7475,1.75
1,1,1,1,3,2,2,1,0,0,0,0,0,0,"sp|Q15843|NEDD8_HUMAN",1.1,0.6,0.9409,0.003538,0.04118,1
2,2,2,1,2,2,2,2,0,0,1,0,0,0,"YLR340W",1.1,1.1,-0.05751,0.9113,0.9779,1.75
1,2,3,1,2,2,2,2,2,0,2,0,2,1,"YLR403W",1.6,1.6,-0.0511,0.9104,0.9779,1.75
1,2,2,1,2,1,3,2,0,0,0,0,0,1,"YOL011W",1.3,0.9,0.5276,0.352,0.6422,1.5
3,2,1,2,1,1,2,2,0,0,0,0,0,0,"YLR121C",0.9,1.1,-0.4741,0.1514,0.4406,2
2,1,2,1,1,1,2,1,0,0,0,2,0,0,"YGR126W",1,0.9,0.1672,0.8359,0.9601,1.5
3,2,2,3,1,2,1,1,1,2,1,0,2,1,"YKL150W",1.1,2,-0.8585,0.04654,0.2228,2.5
3,1,2,1,1,1,1,2,1,0,0,0,0,0,"YNR050C",0.7,1.1,-0.7352,0.2497,0.5632,1.75
2,2,1,3,1,0,2,1,0,0,0,1,0,0,"YMR315W",0.7,1.1,-0.7352,0.3582,0.6434,2
1,3,1,1,3,1,1,2,2,1,2,1,0,0,"YGL025C",1.1,1.6,-0.5106,0.3622,0.6443,1.5
0,3,1,1,1,1,1,2,1,2,2,0,2,2,"YIL033C",1.3,1.4,-0.1992,0.704,0.8607,1.25
2,2,1,1,1,2,0,4,0,0,0,0,0,0,"YGR083C",1,0.9,0.1633,0.7817,0.9193,1.5
2,1,2,2,1,2,1,0,0,0,0,0,0,0,"YDR119W",0.6,1,-0.8664,0.06155,0.2733,1.75
1,3,2,2,1,3,1,1,1,0,1,1,0,0,"YDR388W",1,1.4,-0.5692,0.2895,0.5816,2
2,1,2,2,2,2,2,1,0,0,0,0,0,0,"YDR469W",1,1,-0.05908,0.7916,0.9261,1.75
2,2,2,2,1,2,2,1,0,0,0,1,0,1,"YKL129C",1.1,1.1,-0.05594,0.9092,0.9779,2
2,1,1,2,2,2,2,2,1,2,2,1,2,2,"YDR432W",1.9,1.6,0.1924,0.4102,0.6788,1.5
4,1,1,2,2,1,1,1,1,0,0,1,0,0,"YGL036W",0.9,1.3,-0.6407,0.338,0.626,2
0,2,2,2,2,1,1,1,1,2,2,0,1,1,"YGR254W",1,1.6,-0.7014,0.1248,0.3931,1.5
2,1,1,1,2,3,2,0,1,1,1,1,1,1,"YDR239C",1.4,1.1,0.2712,0.4942,0.7398,1.25
0,1,1,3,1,2,1,1,0,1,2,1,1,1,"YGR097W",1.1,1.1,-0.04967,0.9305,0.9779,1.25
1,3,0,1,1,2,0,2,0,0,0,0,0,0,"YBR130C",0.7,0.7,-0.05908,0.931,0.9779,1.25
3,4,2,0,3,1,0,1,4,3,2,4,2,4,"YJL148W",2.1,2.6,-0.3077,0.5301,0.7475,2.25
2,2,1,2,2,2,2,0,1,0,0,0,0,1,"YHR141C (+1)",1,1.1,-0.2484,0.673,0.8445,1.75
2,2,2,2,0,1,2,2,1,1,1,1,1,1,"YDR365C",1.1,1.6,-0.5106,0.1218,0.3886,2
2,1,1,1,2,1,2,2,1,1,2,1,1,0,"YLR017W",1.3,1.3,-0.05072,0.8947,0.9779,1.25
2,2,2,1,2,2,2,0,0,2,2,0,1,1,"YMR047C",1.1,1.6,-0.5106,0.315,0.6062,1.75
2,2,1,2,1,2,1,1,1,0,1,1,0,0,"YKR058W",0.9,1.3,-0.639,0.1802,0.4847,1.75
2,2,2,1,1,1,1,1,0,0,1,0,0,0,"YGL035C",0.6,1.1,-1.057,0.06227,0.2747,1.75
1,2,2,2,1,2,2,0,1,1,1,1,1,2,"YDL150W",1.3,1.4,-0.2018,0.5977,0.7959,1.75
2,2,1,2,2,1,2,1,1,1,0,1,1,1,"YNL020C",1.3,1.3,-0.05211,0.8671,0.9771,1.75
3,2,1,1,1,1,2,1,1,1,0,0,0,1,"YLR074C",0.9,1.3,-0.639,0.2341,0.5467,1.75
0,1,1,3,3,2,1,2,0,1,1,1,1,1,"YMR016C",1.6,1,0.6,0.2601,0.5689,1.25
1,3,3,2,0,2,1,1,1,1,1,0,1,1,"YMR215W",0.9,1.7,-1.052,0.03703,0.1968,2.25
2,2,1,0,1,0,0,1,0,1,0,0,1,0,"YGR229C",0.4,0.9,-1.054,0.2618,0.5689,1.25
2,2,1,2,2,1,2,1,0,0,0,0,0,0,"YJR059W",0.9,1,-0.2815,0.2963,0.5896,1.75
2,1,1,1,1,2,1,2,2,2,2,2,2,0,"YOR251C",1.4,1.6,-0.1846,0.6085,0.8022,1.25
2,1,1,3,1,0,1,1,1,0,0,1,0,0,"YDR169C",0.6,1.1,-1.055,0.1641,0.4615,1.75
1,2,2,1,1,1,2,2,1,0,0,0,0,1,"YER112W",1,1,-0.05549,0.9197,0.9779,1.5
2,1,2,2,1,2,1,1,2,1,1,1,1,1,"YDR060W",1.1,1.6,-0.5093,0.06812,0.2892,1.75
2,2,1,1,2,1,2,1,0,0,0,0,0,0,"YGR135W",0.9,0.9,-0.05908,0.841,0.9601,1.5
2,1,2,2,1,1,2,1,0,1,1,0,1,1,"YKL218C",1,1.3,-0.4154,0.3117,0.6062,1.75
1,1,1,2,1,2,1,1,0,1,0,0,0,1,"YPL055C",0.9,0.9,-0.0549,0.9252,0.9779,1.25
2,1,2,2,2,0,1,2,1,1,2,2,1,1,"YNL113W",1.3,1.6,-0.3386,0.3819,0.6633,1.75
1,1,0,1,1,2,2,1,0,0,0,0,0,1,"YHR103W",1,0.4,1.166,0.1007,0.3617,0.75
0,2,2,1,1,1,1,2,0,0,1,0,0,1,"YPL111W",0.9,0.9,-0.0549,0.9344,0.9779,1.25
1,2,1,1,3,2,2,0,1,0,0,1,0,0,"YMR263W",1.1,0.9,0.3595,0.5834,0.7959,1.25
2,1,1,1,1,2,2,1,0,0,0,0,0,0,"YOL022C",0.9,0.7,0.204,0.5075,0.7398,1.25
2,3,0,1,2,1,1,1,0,1,0,1,1,1,"YER151C",1.1,1,0.1403,0.8098,0.9408,1.5
3,1,1,2,0,0,2,2,0,2,1,0,0,0,"YGR118W (+1)",0.6,1.4,-1.376,0.1149,0.3806,1.75
1,2,1,0,2,2,1,0,1,1,2,0,1,1,"YNL259C",1,1.1,-0.2417,0.6744,0.8445,1
1,1,1,2,2,1,1,2,0,0,0,0,0,1,"YPR133C",1,0.7,0.4284,0.4882,0.7398,1.25
1,1,1,1,1,1,1,2,0,0,0,0,0,0,"YNL133C",0.7,0.6,0.2629,0.2739,0.5743,1
2,2,1,1,1,1,1,1,0,1,1,0,0,0,"YGR074W",0.6,1.1,-1.055,0.04358,0.2132,1.5
2,1,2,1,1,1,1,1,1,0,0,1,1,0,"YFR049W",0.9,1,-0.2757,0.5858,0.7959,1.5
1,2,1,1,1,1,1,1,0,0,0,0,0,0,"YPL221W",0.6,0.7,-0.381,0.1079,0.3726,1.25
1,1,2,1,1,1,2,1,0,1,2,2,2,1,"YBR212W",1.4,1.1,0.274,0.4999,0.7398,1.25
0,1,1,2,1,1,1,2,0,0,0,0,0,0,"YNL054W",0.7,0.6,0.2629,0.5937,0.7959,1
2,1,1,1,1,1,1,1,0,0,0,0,0,0,"YER033C",0.6,0.7,-0.381,0.1203,0.3868,1.25
1,1,1,1,1,3,1,1,3,1,1,3,2,1,"YHR089C",1.7,1.3,0.3691,0.3964,0.6678,1
0,2,1,2,2,1,1,1,1,0,0,0,0,0,"YDR266C",0.7,0.9,-0.3198,0.6616,0.8426,1.25
1,2,2,1,2,0,1,1,1,0,1,0,1,0,"YLR058C",0.7,1.1,-0.7314,0.2322,0.5443,1.5
3,2,2,2,0,0,2,0,1,1,0,1,0,0,"YIL062C",0.4,1.6,-1.928,0.03456,0.1897,2.25
2,2,1,1,2,0,1,0,0,0,0,0,0,0,"YJL171C",0.4,0.9,-1.059,0.1136,0.3797,1.5
2,1,1,1,1,3,2,0,1,1,0,0,0,0,"YJL130C",0.9,1,-0.2776,0.6969,0.8553,1.25
0,0,2,2,0,2,2,1,4,1,2,3,0,1,"YMR219W",1.3,1.6,-0.3348,0.6287,0.8173,1
3,2,2,2,0,1,0,0,0,1,1,0,1,1,"YBL085W",0.4,1.6,-1.926,0.01938,0.1308,2.25
4,1,1,0,1,1,1,0,0,1,1,1,1,1,"YNL232W",0.9,1.1,-0.4652,0.53,0.7475,1.5
1,0,1,0,2,0,2,1,0,0,0,0,1,0,"YGR244C",0.9,0.3,1.529,0.1203,0.3868,0.5
1,2,1,1,2,1,1,1,0,1,0,0,1,0,"YER088C",0.9,0.9,-0.0549,0.925,0.9779,1.25
2,2,1,1,1,1,1,1,0,0,1,0,0,0,"YHR039C-A",0.6,1,-0.8642,0.1492,0.4403,1.5
2,1,1,1,1,1,1,1,1,2,1,2,1,1,"YGR085C (+1)",1.1,1.3,-0.2172,0.4364,0.6947,1.25
1,2,1,1,2,1,1,1,1,0,2,1,0,0,"YGL031C",0.9,1.1,-0.467,0.4183,0.6788,1.25
2,2,1,1,2,1,1,0,0,0,0,0,0,0,"YLR301W",0.6,0.9,-0.644,0.1783,0.4813,1.5
1,2,1,1,2,2,1,0,0,1,0,1,0,0,"YDR502C",0.9,0.9,-0.0549,0.9337,0.9779,1.25
2,2,2,2,1,0,0,1,0,0,0,0,0,0,"YDR212W",0.3,1.1,-2.059,0.0005905,0.008134,2
1,2,1,1,1,2,1,0,0,1,0,0,0,0,"YMR037C",0.6,0.9,-0.6415,0.3897,0.6642,1.25
1,1,2,0,1,1,1,1,0,0,1,0,0,0,"YDL130W-A",0.6,0.7,-0.3782,0.612,0.8022,1
1,1,2,0,1,1,1,1,1,1,0,1,1,1,"YPL012W",1,0.9,0.173,0.6922,0.8512,1
3,1,1,1,2,1,1,0,0,0,0,0,0,0,"YDR153C",0.6,0.9,-0.644,0.2693,0.5689,1.5
0,2,1,0,1,2,1,2,1,0,0,1,0,0,"YDR145W",1,0.6,0.7528,0.3549,0.6434,0.75
1,1,0,2,1,2,3,0,3,1,0,0,2,2,"YGL044C",1.4,1.1,0.274,0.7034,0.8607,1
1,1,1,2,0,2,0,1,0,1,1,0,0,1,"YGR207C",0.6,1,-0.8596,0.2574,0.5683,1.25
3,2,1,1,2,0,1,0,0,1,0,0,1,1,"YJL111W",0.7,1.1,-0.7314,0.3343,0.6233,1.75
1,1,0,1,2,2,0,0,1,1,1,0,0,1,"YPL063W",0.7,0.9,-0.313,0.6789,0.8453,0.75
0,2,1,2,0,0,0,1,1,3,3,0,0,2,"YBR162C",0.4,1.7,-2.044,0.02787,0.1673,1.25
2,0,2,0,1,0,0,1,1,1,1,2,0,2,"YBR172C",0.9,1,-0.268,0.726,0.8735,1
1,1,1,1,2,1,1,1,1,1,1,0,1,1,"YOR340C",1,1,-0.05012,0.8739,0.9779,1
2,1,1,1,1,1,1,1,0,0,0,0,1,0,"YNL061W",0.7,0.7,-0.05657,0.9344,0.9779,1.25
1,1,1,1,1,1,1,2,1,0,1,1,1,0,"YBL091C",1,0.9,0.171,0.6756,0.8445,1
1,1,1,1,1,1,1,2,1,0,2,1,0,1,"YLR147C",1,1,-0.05012,0.9178,0.9779,1
2,1,1,1,1,1,1,0,1,0,1,1,1,1,"YKL191W",0.9,1,-0.2718,0.5239,0.7475,1.25
0,1,2,1,2,1,1,1,0,0,0,1,0,0,"YDR527W",0.9,0.6,0.5284,0.4793,0.7386,1
2,2,1,1,1,1,1,0,0,0,0,0,0,0,"YML070W",0.4,0.9,-1.059,0.01786,0.1298,1.5
2,0,1,1,1,1,1,2,0,0,0,0,0,0,"YLR401C",0.7,0.6,0.2629,0.5892,0.7959,1
1,1,2,2,1,1,0,1,2,2,2,0,1,1,"YIL130W",0.7,1.7,-1.31,0.00447,0.05029,1.5
1,1,1,1,2,1,1,0,0,0,0,0,0,0,"YER090W",0.6,0.6,-0.05908,0.8935,0.9779,1
2,1,1,0,1,0,2,2,1,1,1,0,1,1,"YBR181C (+1)",1,1,-0.05012,0.9277,0.9779,1
1,1,0,1,0,2,2,2,1,1,1,1,1,0,"YKL096W",1.1,0.9,0.3649,0.4897,0.7398,0.75
3,1,0,1,2,0,1,1,2,0,1,2,0,0,"YHR008C",0.9,1.1,-0.4652,0.5709,0.7883,1.25
3,0,1,1,1,0,2,1,1,0,0,0,1,0,"YKL052C",0.7,0.9,-0.3176,0.7109,0.8631,1.25
1,0,3,1,1,1,0,1,1,0,0,0,0,0,"YDR002W",0.4,0.9,-1.056,0.2426,0.557,1.25
1,1,1,3,0,1,0,1,2,1,2,0,0,0,"YDR163W",0.3,1.6,-2.509,0.006682,0.06537,1.5
1,2,0,1,3,1,0,0,1,1,0,0,1,0,"YIL041W",0.7,0.9,-0.3153,0.7273,0.8735,1
2,2,0,0,1,1,0,0,2,0,1,2,0,2,"YLR314C",0.9,1,-0.268,0.7457,0.8877,1
0,1,1,1,1,1,1,2,0,0,0,0,0,0,"YDL110C",0.7,0.4,0.6779,0.1161,0.3806,0.75
2,1,0,1,1,1,1,1,0,0,0,0,0,0,"YLR079W",0.6,0.6,-0.05908,0.8949,0.9779,1
1,1,2,1,1,1,1,0,1,2,1,2,1,1,"YER155C",1,1.3,-0.4091,0.2774,0.5797,1.25
1,1,1,0,1,2,1,1,0,0,0,0,0,0,"YBL022C",0.7,0.4,0.6779,0.1086,0.3726,0.75
2,1,1,1,1,1,1,0,0,0,2,1,0,0,"YLR187W",0.6,1,-0.8596,0.2681,0.5689,1.25
2,1,0,1,1,1,1,1,0,0,0,0,0,0,"YKL068W",0.6,0.6,-0.05908,0.8949,0.9779,1
2,1,0,2,0,2,1,0,0,1,0,1,0,0,"YPL115C",0.6,0.9,-0.639,0.4813,0.7386,1.25
1,2,1,1,1,1,0,0,1,0,1,1,1,0,"YBR248C",0.6,1,-0.8573,0.1747,0.4812,1.25
0,0,1,2,0,0,1,1,0,0,0,0,0,0,"YAL035W",0.3,0.4,-0.644,0.5118,0.7398,0.75
0,0,1,2,0,1,2,1,1,1,1,1,1,0,"YKL145W",0.9,0.9,-0.04863,0.9419,0.9797,0.75
3,1,0,1,0,2,0,0,1,0,0,0,0,0,"YOR198C",0.3,0.9,-1.641,0.2029,0.5149,1.25
1,0,2,1,0,0,1,0,0,0,0,0,0,0,"YKL112W",0.1,0.6,-2.059,0.05789,0.2605,1
1,0,1,1,1,0,1,2,0,1,1,0,1,0,"YOR018W",0.7,0.7,-0.05155,0.942,0.9797,0.75
2,0,1,1,1,1,1,0,1,0,0,0,0,0,"YGL043W",0.4,0.7,-0.7929,0.3555,0.6434,1
1,1,2,0,1,1,1,0,0,0,0,0,0,0,"YOL061W",0.4,0.6,-0.4741,0.4194,0.6788,1
1,1,2,1,0,1,0,1,1,0,0,1,0,0,"YNR034W-A",0.4,0.9,-1.054,0.2128,0.5313,1.25
1,1,0,1,1,0,0,2,0,0,0,0,0,0,"YKR035W-A",0.4,0.4,-0.05908,0.9402,0.9797,0.75
2,0,0,0,1,1,1,1,0,0,0,0,1,0,"YDL125C",0.7,0.3,1.266,0.2812,0.5797,0.5
0,0,1,1,0,0,1,2,0,0,0,0,0,0,"YLR248W",0.4,0.3,0.5259,0.5883,0.7959,0.5
0,0,1,1,0,0,2,2,0,0,0,0,0,0,"YPL059W",0.6,0.3,0.9409,0.321,0.6087,0.5
0,0,0,1,0,0,2,1,0,0,0,0,0,0,"YBR031W",0.4,0.1,1.526,0.2394,0.5534,0.25
0,2,0,1,0,0,1,0,0,0,0,0,0,0,"YIL140W",0.1,0.4,-1.644,0.1996,0.5108,0.75
1,1,1,1,2,0,0,0,0,0,0,0,0,0,"YHR159W",0.3,0.6,-1.059,0.2585,0.5683,1
1,1,0,0,0,1,1,2,0,0,0,0,0,0,"YDR309C",0.6,0.3,0.9409,0.2251,0.5388,0.5
1,2,1,1,0,0,0,1,0,0,0,0,0,0,"YIL094C",0.1,0.7,-2.381,0.01059,0.09403,1.25
1,2,0,0,1,1,1,0,0,0,0,0,0,0,"YGL181W",0.4,0.4,-0.05908,0.9394,0.9797,0.75
1,1,2,1,0,1,0,0,0,0,0,0,0,0,"YKL059C",0.1,0.7,-2.381,0.01019,0.09168,1.25
0,2,1,0,0,0,2,1,1,0,0,0,0,0,"YNL233W",0.4,0.6,-0.4705,0.6879,0.8505,0.75
0,1,2,1,0,0,2,0,0,0,0,0,0,0,"YNL245C",0.3,0.6,-1.059,0.3296,0.6181,1
1,0,0,1,2,0,1,0,0,0,0,0,0,0,"YDR507C",0.4,0.3,0.5259,0.5865,0.7959,0.5
1,2,2,0,1,0,0,0,0,0,0,0,0,0,"YLR153C",0.1,0.7,-2.381,0.02534,0.1599,1.25
1,0,0,0,2,2,0,1,0,0,0,0,0,0,"YKL104C",0.7,0.1,2.263,0.03377,0.1884,0.25
0,0,0,1,1,2,1,0,0,0,0,1,0,1,"YGL073W",0.9,0.1,2.533,0.04154,0.2077,0.25
0,0,1,2,0,0,1,1,0,1,1,0,1,0,"YCL033C",0.4,0.7,-0.7867,0.4127,0.6788,0.75
1,2,1,0,0,1,0,0,1,1,1,2,1,0,"YBR086C",0.6,1,-0.8528,0.2783,0.5797,1
2,0,1,0,2,0,0,0,0,0,0,0,0,0,"YDL224C",0.3,0.4,-0.644,0.6067,0.8017,0.75
2,1,0,0,1,0,0,0,0,1,0,0,0,0,"YEL026W",0.1,0.6,-2.054,0.1591,0.4533,0.75
1,0,2,1,0,0,0,0,0,0,0,0,0,0,"YPR185W",0,0.6,-30.7,0.0001527,0.002863,1
2,2,0,0,0,0,0,0,0,0,0,0,1,0,"YNL064C",0.1,0.6,-2.054,0.317,0.6062,1
0,2,0,1,0,0,0,1,0,0,0,0,0,0,"YCL051W",0.1,0.4,-1.644,0.1985,0.5108,0.75
0,0,0,0,1,2,0,1,0,0,0,0,0,0,"YDR192C",0.6,0,30.59,0.0001864,0.003067,0
2,1,0,0,0,0,0,0,0,1,0,0,0,0,"YJL014W",0,0.6,-28.46,0.006535,0.06487,0.75
0,0,0,0,0,1,2,0,0,0,0,0,0,0,"YGR129W",0.4,0,28.75,0.005431,0.0564,0
0,0,0,2,1,0,0,0,0,0,0,0,0,0,"YOR189W",0.1,0.3,-1.059,0.513,0.7399,0.5
0,0,2,0,0,0,0,1,0,0,0,0,0,0,"YLR323C",0.1,0.3,-1.059,0.5067,0.7398,0.5
0,2,0,0,1,0,0,0,0,0,0,0,0,0,"YOL038W",0.1,0.3,-1.059,0.5044,0.7398,0.5
1,0,0,2,0,0,0,0,0,0,0,0,0,0,"YGL106W",0,0.4,-28.86,0.004895,0.0533,0.75
0,0,2,0,0,1,0,0,0,0,0,0,0,0,"YDR464W",0.1,0.3,-1.059,0.5053,0.7398,0.5
2,0,0,0,0,0,0,0,0,0,0,0,0,0,"YNL131W",0,0.3,-28.31,0.04312,0.2124,0.5
0,2,0,0,0,0,0,0,0,0,0,0,0,0,"YNL274C",0,0.3,-28.31,0.04097,0.207,0.5
0,0,0,0,0,0,0,0,41,47,38,42,44,42,"YOL121C",18.3,18,-0.01128,0.8382,0.9601,0
0,0,0,0,0,0,0,0,25,40,36,30,37,42,"YJL191W",15.6,14.4,0.07598,0.5936,0.7959,0
0,0,0,0,0,0,0,0,10,12,12,11,12,10,"YGL189C",4.7,4.9,-0.07706,0.2863,0.5814,0
0,0,0,0,0,0,0,0,0,1,0,0,0,1,"YFL007W",0.1,0.1,-0.034,0.9783,0.9845,0
0,0,0,0,0,0,0,0,2,4,4,2,2,2,"YDL085C-A",0.9,1.4,-0.771,0.001887,0.02497,0
0,0,0,0,0,0,0,0,2,2,2,2,0,2,"YMR287C",0.6,0.9,-0.619,0.1377,0.4186,0
0,0,0,0,0,0,0,0,1,1,1,1,1,0,"YJL158C",0.3,0.4,-0.619,0.1449,0.4327,0
0,0,0,0,0,0,0,0,3,1,0,2,2,0,"YDL081C",0.6,0.6,-0.034,0.9637,0.9845,0
0,0,0,0,0,0,0,0,2,2,1,1,1,1,"YPL195W",0.4,0.7,-0.771,0.002483,0.03104,0
0,0,0,0,0,0,0,0,3,1,1,1,1,1,"YKR095W",0.4,0.7,-0.771,0.08411,0.3263,0
0,0,0,0,0,0,0,0,1,0,1,1,1,0,"YJL052W",0.3,0.3,-0.034,0.9573,0.9844,0
0,0,0,0,0,0,0,0,0,0,1,0,0,0,"YNL255C",0,0.1,-28.77,0.01782,0.1298,0
0,0,0,0,0,0,0,0,2,2,2,2,2,1,"YPR110C",0.7,0.9,-0.297,0.1054,0.3666,0
0,0,0,0,0,0,0,0,0,2,2,1,2,2,"YJR063W",0.7,0.6,0.2879,0.5345,0.7475,0
0,0,0,0,0,0,0,0,2,1,1,2,1,1,"YDR174W",0.6,0.6,-0.034,0.9141,0.9779,0
0,0,0,0,0,0,0,0,2,1,1,0,0,0,"YGL030W",0,0.6,-33.24,3.733e-07,2.435e-05,0
0,0,0,0,0,0,0,0,0,0,1,0,0,0,"YDL135C",0,0.1,-28.77,0.01782,0.1298,0
0,0,0,0,0,0,0,0,1,2,2,1,1,2,"YBL027W (+1)",0.6,0.7,-0.3559,0.2139,0.5313,0
0,0,0,0,0,0,0,0,2,1,1,1,1,0,"YGL174W",0.3,0.6,-1.034,0.04405,0.2139,0
0,0,0,0,0,0,0,0,1,1,1,1,0,1,"YNR019W",0.3,0.4,-0.619,0.1377,0.4186,0
0,0,0,0,0,0,0,0,0,0,1,1,1,0,"YBR247C",0.3,0.1,0.966,0.3051,0.5986,0
0,0,0,0,0,0,0,0,1,0,1,0,0,0,"YPR159W",0,0.3,-29.59,0.0001888,0.003067,0
0,0,0,0,0,0,0,0,1,0,2,1,0,0,"YCL061C",0.1,0.4,-1.619,0.1095,0.3731,0
0,0,0,0,0,0,0,0,1,0,0,1,0,0,"YDR515W",0.1,0.1,-0.034,0.9785,0.9845,0
0,0,0,0,0,0,0,0,0,1,1,0,1,1,"YDL225W",0.3,0.3,-0.034,0.9569,0.9844,0
0,0,0,0,0,0,0,0,0,1,1,1,1,1,"YFL023W",0.4,0.3,0.551,0.1835,0.4896,0
0,0,0,0,0,0,0,0,0,0,0,1,0,1,"YOL004W",0.3,0,30.96,0.0001684,0.002915,0
0,0,0,0,0,0,0,0,0,1,1,0,0,1,"YML063W",0.1,0.3,-1.034,0.2697,0.5689,0
0,0,0,0,0,0,0,0,0,1,0,1,0,0,"YPR019W",0.1,0.1,-0.034,0.9782,0.9845,0
0,0,0,0,0,0,0,0,0,1,0,0,0,0,"YOR140W",0,0.1,-28.77,0.01654,0.1298,0
0,0,0,0,0,0,0,0,1,1,0,0,0,0,"YKL172W",0,0.3,-31.03,0.0001674,0.002915,0
0,0,0,0,0,0,0,0,1,1,1,1,0,0,"YPR156C",0.1,0.4,-1.619,0.03024,0.1744,0
0,0,0,0,0,0,0,0,0,1,0,0,0,0,"YMR008C",0,0.1,-28.77,0.01654,0.1298,0
0,0,0,0,0,0,0,0,1,0,0,0,0,0,"YGL237C",0,0.1,-28.76,0.01898,0.1298,0
0,0,0,0,0,0,0,0,0,0,1,0,0,0,"YLR363W-A",0,0.1,-28.77,0.01782,0.1298,0
0,0,0,0,0,0,0,0,0,1,1,1,1,0,"YML110C",0.3,0.3,-0.034,0.9567,0.9844,0
0,0,0,0,0,0,0,0,2,1,1,1,1,1,"YGR037C",0.4,0.6,-0.449,0.09207,0.3415,0
0,0,0,0,0,0,0,0,0,1,0,0,0,1,"YER114C",0.1,0.1,-0.034,0.9783,0.9845,0
0,0,0,0,0,0,0,0,2,0,0,0,0,0,"YPR042C",0,0.3,-29.41,0.01898,0.1298,0
0,0,0,0,0,0,0,0,0,0,0,0,0,1,"YPL106C",0.1,0,28.69,0.01903,0.1298,0
0,0,0,0,0,0,0,0,1,0,0,0,0,0,"YMR012W",0,0.1,-28.76,0.01898,0.1298,0
0,0,0,0,0,0,0,0,0,1,1,0,0,0,"YML105C",0,0.3,-31.04,0.0001501,0.002863,0
0,0,0,0,0,0,0,0,0,0,1,0,0,0,"YGL049C",0,0.1,-28.77,0.01782,0.1298,0
0,0,0,0,0,0,0,0,2,1,0,1,0,0,"YML113W",0.1,0.4,-1.619,0.1107,0.3756,0
0,0,0,0,0,0,0,0,1,0,0,0,0,0,"YBR082C",0,0.1,-28.76,0.01898,0.1298,0
0,0,0,0,0,0,0,0,0,1,1,0,0,1,"YJR002W",0.1,0.3,-1.034,0.2697,0.5689,0
0,0,0,0,0,0,0,0,0,1,1,0,0,0,"YNR054C",0,0.3,-31.04,0.0001501,0.002863,0
0,0,0,0,0,0,0,0,0,1,1,0,0,1,"YGL202W",0.1,0.3,-1.034,0.2697,0.5689,0
0,0,0,0,0,0,0,0,1,0,0,1,0,0,"YHR025W",0.1,0.1,-0.034,0.9785,0.9845,0
0,0,0,0,0,0,0,0,0,1,2,2,1,0,"YBR197C",0.4,0.4,-0.034,0.9624,0.9845,0
0,0,0,0,0,0,0,0,0,2,0,0,0,0,"YBR122C",0,0.3,-29.42,0.01654,0.1298,0
0,0,0,0,0,0,0,0,0,0,2,0,1,0,"YNL248C",0.1,0.3,-1.034,0.4342,0.6928,0
0,0,0,0,0,0,0,0,0,1,1,0,0,0,"YJL176C",0,0.3,-31.04,0.0001501,0.002863,0
0,0,0,0,0,0,0,0,0,0,1,0,0,0,"YPL110C",0,0.1,-28.77,0.01782,0.1298,0
